1,rayder441
2,jheer
3,elenat
4,juliaa
5,bettinab
6,arabela
7,elinaa
8,lucs
9,jeannek
10,mustafey
11,alaae
12,petrar
13,ninaz
14,andreasm
15,stefanieg
16,nourani
17,sylvied
18,daniels
19,lindas
20,norbertf
21,maherm
22,amrel
23,amirm
24,lailaa
25,monicam
26,benn
28,martinaz
29,gannas
30,nicolasr
31,jeanpb
32,emilieb
33,fedyb
34,sanah
35,gabrielaw
36,munnaa
37,soukeinam
38,thabeta
39,jeand
40,raniae
41,jeansm
42,lucienb
43,anasq
45,mandif
46,christianp
47,katrinb
48,katlynq
49,yasere
50,asmao
51,amala
52,rebeccab
53,alexandras
54,markuss
55,ramid
56,sdaa
57,robertk
59,ziado
60,karenm
61,zakim
